{
  "version": 1,
  "n_samples": 480,
  "feature_names": [
    "pressure_mean",
    "pressure_std",
    "pressure_range",
    "temperature_mean",
    "temperature_std",
    "temperature_range",
    "volume_mean",
    "volume_std",
    "volume_range_relative",
    "volume_normalized_slope",
    "pt_ratio_mean",
    "pt_ratio_std",
    "pt_ratio_robust_scale",
    "pt_ratio_cv",
    "pt_ratio_normalized_slope",
    "pt_ratio_first_last_change",
    "pressure_temperature_corr",
    "linear_fit_r2",
    "fit_rmse_relative",
    "residual_normalized_slope",
    "residual_robust_scale",
    "lagged_corr_max",
    "best_lag_fraction",
    "max_pressure_jump_relative",
    "max_temperature_jump_relative",
    "max_volume_jump_relative",
    "heating_duration_s"
  ],
  "lower_quantile": 0.01,
  "upper_quantile": 0.99,
  "fence_multiplier": 1.5,
  "features": {
    "pressure_mean": {
      "median": 112.34464285714286,
      "q01": 103.59080714285714,
      "q25": 109.86666114058356,
      "q75": 114.48419811320753,
      "q99": 120.15,
      "scale": 4.617536972623967,
      "lower_bound": 96.6645016839212,
      "upper_bound": 127.07630545893596
    },
    "pressure_std": {
      "median": 5.07334838869792,
      "q01": 1.5189705902789605,
      "q25": 3.940017833864008,
      "q75": 5.987317022441584,
      "q99": 8.234040262169422,
      "scale": 2.0472991885775755,
      "lower_bound": -1.5519781925874028,
      "upper_bound": 11.304989045035786
    },
    "pressure_range": {
      "median": 16.799999999999997,
      "q01": 5.478999999999998,
      "q25": 13.574999999999996,
      "q75": 19.700000000000003,
      "q99": 27.420999999999992,
      "scale": 6.125000000000007,
      "lower_bound": -3.7085000000000123,
      "upper_bound": 36.60850000000001
    },
    "temperature_mean": {
      "median": 56.64597057882955,
      "q01": 44.137492307692305,
      "q25": 51.86607142857143,
      "q75": 60.629075500770426,
      "q99": 69.9819387755102,
      "scale": 8.763004072198996,
      "lower_bound": 30.992986199393812,
      "upper_bound": 83.12644488380869
    },
    "temperature_std": {
      "median": 16.11213450354741,
      "q01": 12.075778110333166,
      "q25": 14.379412586310947,
      "q75": 17.4758293360403,
      "q99": 20.771996931997684,
      "scale": 3.096416749729352,
      "lower_bound": 7.431152985739138,
      "upper_bound": 25.416622056591713
    },
    "temperature_range": {
      "median": 51.2,
      "q01": 38.016,
      "q25": 46.075,
      "q75": 55.8,
      "q99": 64.80000000000001,
      "scale": 9.724999999999994,
      "lower_bound": 23.428500000000007,
      "upper_bound": 79.3875
    },
    "volume_mean": {
      "median": 274.4960752688172,
      "q01": 183.0818181818182,
      "q25": 234.5637931034483,
      "q75": 312.65312500000005,
      "q99": 359.2941692307693,
      "scale": 78.08933189655176,
      "lower_bound": 65.94782033699056,
      "upper_bound": 476.4281670755969
    },
    "volume_std": {
      "median": 0.350835876072755,
      "q01": 0.1317833461458517,
      "q25": 0.191913803776012,
      "q75": 0.7430216543098461,
      "q99": 6.439876160090084,
      "scale": 1.577023203486058,
      "lower_bound": -2.2337514590832357,
      "upper_bound": 8.805410965319172
    },
    "volume_range_relative": {
      "median": 0.00554737158904965,
      "q01": 0.0017947641208191,
      "q25": 0.0033585451143091,
      "q75": 0.014843218261209525,
      "q99": 0.07527346901112253,
      "scale": 0.01836967622257586,
      "lower_bound": -0.025759750213044687,
      "upper_bound": 0.10282798334498632
    },
    "volume_normalized_slope": {
      "median": -3.5284904911784336e-05,
      "q01": -0.07489942300958756,
      "q25": -0.0004452938645285,
      "q75": 0.0003553750175688,
      "q99": 0.06537612554697615,
      "scale": 0.03506888713914093,
      "lower_bound": -0.12750275371829894,
      "upper_bound": 0.11797945625568754
    },
    "pt_ratio_mean": {
      "median": 0.34205105924632806,
      "q01": 0.3142580158721401,
      "q25": 0.33442541793137537,
      "q75": 0.34659640757021365,
      "q99": 0.3582168174657784,
      "scale": 0.012170989638838281,
      "lower_bound": 0.29600153141388263,
      "upper_bound": 0.37647330192403583
    },
    "pt_ratio_std": {
      "median": 0.00288210576916855,
      "q01": 0.000441190772801408,
      "q25": 0.001436205866046525,
      "q75": 0.0060369549953044,
      "q99": 0.01625928820944645,
      "scale": 0.004600749129257876,
      "lower_bound": -0.006459932921085405,
      "upper_bound": 0.02316041190333326
    },
    "pt_ratio_robust_scale": {
      "median": 0.0033313272190058,
      "q01": 0.000403485096165107,
      "q25": 0.00141775066270155,
      "q75": 0.00762673895805145,
      "q99": 0.019876200483709132,
      "scale": 0.006208988295349899,
      "lower_bound": -0.008909997346859742,
      "upper_bound": 0.029189682926733983
    },
    "pt_ratio_cv": {
      "median": 0.008336983232967901,
      "q01": 0.001284367885331006,
      "q25": 0.0041989071633355,
      "q75": 0.0178551410355167,
      "q99": 0.05134606578376946,
      "scale": 0.013656233872181199,
      "lower_bound": -0.019199982922940794,
      "upper_bound": 0.07183041659204126
    },
    "pt_ratio_normalized_slope": {
      "median": -0.008323295945611799,
      "q01": -0.1739080983753238,
      "q25": -0.0500500850487295,
      "q75": 0.000374939047329525,
      "q99": 0.0740066782453141,
      "scale": 0.061978694155159476,
      "lower_bound": -0.266876139608063,
      "upper_bound": 0.1669747194780533
    },
    "pt_ratio_first_last_change": {
      "median": 0.0007814304428889,
      "q01": -0.15663884287769617,
      "q25": -0.04743990068750205,
      "q75": 0.0068180496031638,
      "q99": 0.07864877537396597,
      "scale": 0.058821904562915535,
      "lower_bound": -0.24487169972206946,
      "upper_bound": 0.1668816322183393
    },
    "pressure_temperature_corr": {
      "median": 0.9933785710813643,
      "q01": 0.12074849018394428,
      "q25": 0.9821312682899659,
      "q75": 0.9972377331225023,
      "q99": 0.9996915084266259,
      "scale": 0.2197357545606704,
      "lower_bound": -0.20885514165706132,
      "upper_bound": 1.3292951402676314
    },
    "linear_fit_r2": {
      "median": 0.9868009857153728,
      "q01": 0.0477709493506045,
      "q25": 0.9645818477552545,
      "q75": 0.9944830964540936,
      "q99": 0.9993831120397029,
      "scale": 0.23790304067227458,
      "lower_bound": -0.30908361165780734,
      "upper_bound": 1.3562376730481147
    },
    "fit_rmse_relative": {
      "median": 0.00539380831704,
      "q01": 0.0012859347556409399,
      "q25": 0.00345452055259565,
      "q75": 0.00764207451171825,
      "q99": 0.02024960226111408,
      "scale": 0.004740916876368285,
      "lower_bound": -0.005825440558911488,
      "upper_bound": 0.02736097757566651
    },
    "residual_normalized_slope": {
      "median": -0.38722580863324174,
      "q01": -1.8802867169338147,
      "q25": -0.9468205192537875,
      "q75": 0.057367936559937674,
      "q99": 1.7353597649561425,
      "scale": 1.0041884558137253,
      "lower_bound": -3.3865694006544027,
      "upper_bound": 3.24164244867673
    },
    "residual_robust_scale": {
      "median": 0.6103637850771696,
      "q01": 0.1259301160946536,
      "q25": 0.3831894159692324,
      "q75": 0.9356300714393396,
      "q99": 2.7999995243467652,
      "scale": 0.6685173520630279,
      "lower_bound": -0.8768459119998882,
      "upper_bound": 3.802775552441307
    },
    "lagged_corr_max": {
      "median": 0.9936069250541848,
      "q01": 0.12074849018394428,
      "q25": 0.9821312682899659,
      "q75": 0.9974529604508116,
      "q99": 0.9996915084266259,
      "scale": 0.2197357545606704,
      "lower_bound": -0.20885514165706132,
      "upper_bound": 1.3292951402676314
    },
    "best_lag_fraction": {
      "median": 0.0,
      "q01": 0.0,
      "q25": 0.0,
      "q75": 0.0,
      "q99": 0.1291577060931899,