,precision,recall,f1-score,support
air_leak,0.9230769230769231,0.9,0.9113924050632911,40.0
normal,0.8372093023255814,0.9,0.8674698795180723,40.0
temperature_change,1.0,1.0,1.0,40.0
volume_measurement_error,0.9473684210526315,0.9,0.9230769230769231,40.0
accuracy,0.925,0.925,0.925,0.925
macro avg,0.926913661613784,0.9249999999999999,0.9254848019145716,160.0
weighted avg,0.9269136616137841,0.925,0.9254848019145717,160.0
