mean_fit_time,std_fit_time,mean_score_time,std_score_time,params,mean_test_macro_f1,std_test_macro_f1,rank_test_macro_f1,mean_train_macro_f1,std_train_macro_f1,mean_test_accuracy,std_test_accuracy,rank_test_accuracy,mean_train_accuracy,std_train_accuracy,mean_test_balanced_accuracy,std_test_balanced_accuracy,rank_test_balanced_accuracy,mean_train_balanced_accuracy,std_train_balanced_accuracy
0.42121607065200806,0.004536207848014795,0.01614236831665039,0.0008878031945901526,"{""max_depth"": null, ""max_features"": ""sqrt"", ""min_samples_leaf"": 3, ""n_estimators"": 350}",0.9627524655316623,0.009179556010850904,1,0.9841334961485726,0.0048924031266963704,0.9625,0.009316949906249128,1,0.9840277777777778,0.004959325297599238,0.9625,0.009316949906249178,1,0.9840277777777778,0.004959325297599184
0.26712000370025635,0.0029828068412668446,0.012999176979064941,0.0015928845056613228,"{""max_depth"": null, ""max_features"": ""sqrt"", ""min_samples_leaf"": 3, ""n_estimators"": 220}",0.9606416022073037,0.010686776933039328,2,0.9848246764796993,0.005656948686419885,0.9604166666666666,0.010825317547305499,2,0.9847222222222223,0.005726535591135673,0.9604166666666666,0.010825317547305535,2,0.9847222222222223,0.005726535591135619
0.42951643466949463,0.013197028985235925,0.017528176307678223,0.0009580997442420956,"{""max_depth"": null, ""max_features"": ""sqrt"", ""min_samples_leaf"": 1, ""n_estimators"": 350}",0.9585291575915651,0.01307429145758735,3,1.0,0.0,0.9583333333333334,0.013176156917368252,3,1.0,0.0,0.9583333333333334,0.013176156917368287,3,1.0,0.0
0.23696577548980713,0.004569919391906667,0.010552823543548584,0.00022600706672062134,"{""max_depth"": null, ""max_features"": ""sqrt"", ""min_samples_leaf"": 1, ""n_estimators"": 220}",0.9564458242582318,0.010713069186747809,4,1.0,0.0,0.95625,0.010825317547305499,4,1.0,0.0,0.95625,0.010825317547305499,4,1.0,0.0
