,precision,recall,f1-score,support
high_noise,0.975609756097561,1.0,0.9876543209876543,40.0
normal,0.6,0.6,0.6,40.0
sensor_drift,0.5952380952380952,0.625,0.6097560975609756,40.0
single_outlier,0.972972972972973,0.9,0.935064935064935,40.0
accuracy,0.78125,0.78125,0.78125,0.78125
macro avg,0.7859552060771573,0.78125,0.7831188384033912,160.0
weighted avg,0.7859552060771573,0.78125,0.7831188384033911,160.0
