model,accuracy,macro_f1,training_time_seconds
gradient_boosting,0.78125,0.7831188384033912,1.0101413329830393
random_forest,0.75625,0.7589746525895036,0.25125529200886376
logistic_regression,0.75,0.7512349490583514,0.016756124998209998
dummy,0.25,0.1,0.0003632080042734742
