{
  "version": 1,
  "n_samples": 480,
  "feature_names": [
    "mean_temperature",
    "std_temperature",
    "temperature_range",
    "max_abs_jump",
    "mean_abs_jump",
    "max_abs_rate",
    "mean_abs_rate",
    "fit_rmse",
    "fit_r2",
    "residual_std",
    "residual_robust_scale",
    "max_abs_residual",
    "residual_normalized_slope",
    "residual_time_corr",
    "early_residual_mean",
    "late_residual_mean",
    "residual_mean_change",
    "outlier_fraction",
    "second_difference_scale",
    "average_cooling_rate",
    "fitted_initial_temperature",
    "fitted_room_temperature",
    "fitted_cooling_coefficient"
  ],
  "lower_quantile": 0.01,
  "upper_quantile": 0.99,
  "fence_multiplier": 1.5,
  "features": {
    "mean_temperature": {
      "median": 43.62945205479453,
      "q01": 32.20834228966198,
      "q25": 38.78647170462388,
      "q75": 49.03395502289254,
      "q99": 62.4135652173913,
      "scale": 10.247483318268664,
      "lower_bound": 16.837117312258982,
      "upper_bound": 77.7847901947943
    },
    "std_temperature": {
      "median": 12.955330713087342,
      "q01": 8.598741396722929,
      "q25": 11.378210590455483,
      "q75": 15.138429428241057,
      "q99": 18.21959546822534,
      "scale": 3.7602188377855743,
      "lower_bound": 2.9584131400445672,
      "upper_bound": 23.8599237249037
    },
    "temperature_range": {
      "median": 46.95,
      "q01": 29.9,
      "q25": 41.475,
      "q75": 54.50000000000001,
      "q99": 67.88399999999999,
      "scale": 13.025000000000006,
      "lower_bound": 10.36249999999999,
      "upper_bound": 87.4215
    },
    "max_abs_jump": {
      "median": 1.5999999999999979,
      "q01": 0.5789999999999955,
      "q25": 0.9000000000000057,
      "q75": 3.3999999999999995,
      "q99": 6.500000000000001,
      "scale": 2.499999999999994,
      "lower_bound": -3.170999999999995,
      "upper_bound": 10.249999999999991
    },
    "mean_abs_jump": {
      "median": 0.3393084480730644,
      "q01": 0.17836696758126916,
      "q25": 0.27947004608294923,
      "q75": 0.47228868829093434,
      "q99": 1.3637954393024805,
      "scale": 0.29635711793030284,
      "lower_bound": -0.2661687093141851,
      "upper_bound": 1.8083311161979347
    },
    "max_abs_rate": {
      "median": 0.15099478558984317,
      "q01": 0.056939830971702896,
      "q25": 0.09228742272220564,
      "q75": 0.34683206018985024,
      "q99": 0.7598510027740336,
      "scale": 0.2545446374676446,
      "lower_bound": -0.32487712522976403,
      "upper_bound": 1.1416679589755006
    },
    "mean_abs_rate": {
      "median": 0.03550034206134306,
      "q01": 0.016805267489259642,
      "q25": 0.02765540690536398,
      "q75": 0.0494424305965737,
      "q99": 0.15626231534125862,
      "scale": 0.03486426196299974,
      "lower_bound": -0.03549112545523997,
      "upper_bound": 0.20855870828575823
    },
    "fit_rmse": {
      "median": 0.32842459683349057,
      "q01": 0.06527304942059141,
      "q25": 0.15898503059399235,
      "q75": 0.6740378691103595,
      "q99": 1.5349208016143678,
      "scale": 0.5150528385163671,
      "lower_bound": -0.7073062083539592,
      "upper_bound": 2.3075000593889183
    },
    "fit_r2": {
      "median": 0.9993600569132162,
      "q01": 0.9827906327421895,
      "q25": 0.9973554685771893,
      "q75": 0.9998725609258952,
      "q99": 0.9999786828096985,
      "scale": 0.004297012516877252,
      "lower_bound": 0.9763451139668736,
      "upper_bound": 1.0064242015850144
    },
    "residual_std": {
      "median": 0.32606004536821853,
      "q01": 0.06519471747266706,
      "q25": 0.15844577786917624,
      "q75": 0.660615355253342,
      "q99": 1.5308901339333452,
      "scale": 0.5021695773841658,
      "lower_bound": -0.6880596486035817,
      "upper_bound": 2.284144500009594
    },
    "residual_robust_scale": {
      "median": 0.1815146619936756,
      "q01": 0.06353205175191869,
      "q25": 0.11353161185228877,
      "q75": 0.5545455279410398,
      "q99": 1.2784315925681,
      "scale": 0.44101391608875107,
      "lower_bound": -0.597988822381208,
      "upper_bound": 1.9399524667012267
    },
    "max_abs_residual": {
      "median": 1.9550059921844003,
      "q01": 0.1834574162893621,
      "q25": 0.5060967778570209,
      "q75": 3.255995329747009,
      "q99": 6.103609044496489,
      "scale": 2.749898551889988,
      "lower_bound": -3.9413904115456195,
      "upper_bound": 10.22845687233147
    },
    "residual_normalized_slope": {
      "median": 0.412681312322115,
      "q01": -3.320874658196461,
      "q25": -0.05429919030938117,
      "q75": 1.5366637395640685,
      "q99": 2.9974920316300606,
      "scale": 1.5909629298734498,
      "lower_bound": -5.707319053006636,
      "upper_bound": 5.383936426440235
    },
    "residual_time_corr": {
      "median": 0.07582294821440336,
      "q01": -0.5443714891115895,
      "q25": -0.007447000585171776,
      "q75": 0.32715028427839105,
      "q99": 0.5836724533613727,
      "scale": 0.3345972848635628,
      "lower_bound": -1.0462674164069337,
      "upper_bound": 1.0855683806567171
    },
    "early_residual_mean": {
      "median": -0.025266844464914846,
      "q01": -0.5931897491449905,
      "q25": -0.1123745963914281,
      "q75": 0.006517266037931753,
      "q99": 0.32826885906163217,
      "scale": 0.23036465205165566,
      "lower_bound": -0.9387367272224739,
      "upper_bound": 0.6738158371391156
    },
    "late_residual_mean": {
      "median": 0.020994607630199974,
      "q01": -0.06256229378879787,
      "q25": 0.00413333750896344,
      "q75": 0.073713860750848,
      "q99": 0.2986482425692925,
      "scale": 0.09030263408952259,
      "lower_bound": -0.19801624492308173,
      "upper_bound": 0.4341021937035764
    },
    "residual_mean_change": {
      "median": 0.04498059695427768,
      "q01": -0.3562582701184303,
      "q25": -0.0016875527787571253,
      "q75": 0.18289037714458553,
      "q99": 0.8862430864794837,
      "scale": 0.3106253391494785,
      "lower_bound": -0.822196278842648,
      "upper_bound": 1.3521810952037014
    },
    "outlier_fraction": {
      "median": 0.0,
      "q01": 0.0,
      "q25": 0.0,
      "q75": 0.0076631753358186875,
      "q99": 0.12496561469618458,
      "scale": 0.031241403674046146,
      "lower_bound": -0.046862105511069216,
      "upper_bound": 0.1718277202072538
    },
    "second_difference_scale": {
      "median": 0.29651999999999895,
      "q01": 0.14825999999999157,
      "q25": 0.14826000000001263,
      "q75": 0.4633125000000158,
      "q99": 2.7583772999999994,
      "scale": 0.6525293250000019,
      "lower_bound": -0.8305339875000113,
      "upper_bound": 3.7371712875000025
    },
    "average_cooling_rate": {
      "median": -0.0280328101536059,
      "q01": -0.048919895918787946,
      "q25": -0.033411237324335326,
      "q75": -0.02215728444268652,
      "q99": -0.014147839402066346,
      "scale": 0.011253952881648807,
      "lower_bound": -0.06580082524126116,
      "upper_bound": 0.0027330899204068646
    },
    "fitted_initial_temperature": {
      "median": 78.7680996989701,
      "q01": 62.44166392938892,
      "q25": 69.38935896412212,
      "q75": 85.2164979910491,
      "q99": 93.52963861919096,
      "scale": 15.827139026926972,
      "lower_bound": 38.700955388998466,
      "upper_bound": 117.27034715958142
    },
    "fitted_room_temperature": {
      "median": 23.787037037037038,
      "q01": 16.893185185185185,
      "q25": 21.937500000000004,
      "q75": 26.103703703703705,
      "q99": 41.0,
      "scale": 6.026703703703704,
      "lower_bound": 7.853129629629629,
      "upper_bound": 50.040055555555554
    },
    "fitted_cooling_coefficient": {
      "median": 0.001483513885973167,
      "q01": 0.0008773025184566455,
      "q25": 0.001224989547033271,
      "q75": 0.0017239392380769708,
      "q99": 0.002098843717781407,
      "scale": 0.0004989496910436997,
      "lower_bound": 0.0001288779818910959,