{
  "version": 1,
  "n_samples": 480,
  "feature_names": [
    "pressure_mean",
    "pressure_std",
    "pressure_range",
    "volume_mean",
    "volume_std",
    "volume_range",
    "temperature_mean",
    "temperature_std",
    "temperature_range",
    "temperature_normalized_slope",
    "pv_mean",
    "pv_std",
    "pv_robust_scale",
    "pv_cv",
    "pv_range_relative",
    "pv_normalized_slope",
    "pv_first_last_change",
    "pressure_volume_corr",
    "pressure_inverse_volume_corr",
    "inverse_fit_r2",
    "inverse_fit_rmse_relative",
    "max_abs_pressure_residual_relative",
    "pressure_residual_robust_scale",
    "pv_temperature_corr",
    "max_volume_jump_ratio",
    "max_pressure_jump_ratio",
    "max_temperature_jump"
  ],
  "lower_quantile": 0.01,
  "upper_quantile": 0.99,
  "fence_multiplier": 1.5,
  "features": {
    "pressure_mean": {
      "median": 159.83548387096775,
      "q01": 67.33333333333334,
      "q25": 149.4774455254225,
      "q75": 173.8307142857143,
      "q99": 227.6666393939394,
      "scale": 40.08332651515151,
      "lower_bound": 7.208343560606075,
      "upper_bound": 287.79162916666667
    },
    "pressure_std": {
      "median": 46.13644542172679,
      "q01": 14.595871587585496,
      "q25": 31.681284024586496,
      "q75": 61.944048907418036,
      "q99": 121.55197305879958,
      "scale": 30.26276488283154,
      "lower_bound": -30.798275736661818,
      "upper_bound": 166.9461203830469
    },
    "pressure_range": {
      "median": 160.95000000000002,
      "q01": 50.2,
      "q25": 108.8,
      "q75": 221.50000000000009,
      "q99": 448.4649999999999,
      "scale": 112.70000000000009,
      "lower_bound": -118.85000000000012,
      "upper_bound": 617.5150000000001
    },
    "volume_mean": {
      "median": 58.09,
      "q01": 47.067151515151515,
      "q25": 54.43245967741936,
      "q75": 61.95590909090909,
      "q99": 68.0084,
      "scale": 7.523449413489729,
      "lower_bound": 35.78197739491692,
      "upper_bound": 79.29357412023458
    },
    "volume_std": {
      "median": 16.49372779782849,
      "q01": 10.090210428360741,
      "q25": 14.026310186729097,
      "q75": 19.13459967299967,
      "q99": 22.312796595817296,
      "scale": 5.108289486270573,
      "lower_bound": 2.4277761989548816,
      "upper_bound": 29.975230825223157
    },
    "volume_range": {
      "median": 55.0,
      "q01": 33.5,
      "q25": 46.9,
      "q75": 64.0,
      "q99": 74.9,
      "scale": 17.1,
      "lower_bound": 7.849999999999998,
      "upper_bound": 100.55000000000001
    },
    "temperature_mean": {
      "median": 25.441666666666666,
      "q01": -16.426750000000002,
      "q25": 22.70625,
      "q75": 29.06083333333333,
      "q99": 77.40498685782556,
      "scale": 23.45793421445639,
      "lower_bound": -51.613651321684586,
      "upper_bound": 112.59188817951015
    },
    "temperature_std": {
      "median": 2.0867745299584612,
      "q01": 0.5172824977383417,
      "q25": 1.2387283801846445,
      "q75": 6.6512634113784115,
      "q99": 42.296361384713585,
      "scale": 10.44476972174381,
      "lower_bound": -15.149872084877375,
      "upper_bound": 57.9635159673293
    },
    "temperature_range": {
      "median": 8.0,
      "q01": 2.2789999999999977,
      "q25": 4.800000000000001,
      "q75": 25.05,
      "q99": 147.82299999999987,
      "scale": 36.38599999999997,
      "lower_bound": -52.299999999999955,
      "upper_bound": 202.40199999999982
    },
    "temperature_normalized_slope": {
      "median": 0.21739355656285855,
      "q01": -2.8308402068675647,
      "q25": 0.10858917462500516,
      "q75": 0.41588111582674764,
      "q99": 1.7674777691752497,
      "scale": 1.1495794940107036,
      "lower_bound": -4.55520944788362,
      "upper_bound": 3.491847010191305
    },
    "pv_mean": {
      "median": 8640.7864,
      "q01": 3651.574475555556,
      "q25": 7732.781711538463,
      "q75": 9452.697333333334,
      "q99": 11396.554993534482,
      "scale": 1936.2451294947316,
      "lower_bound": 747.2067813134586,
      "upper_bound": 14300.92268777658
    },
    "pv_std": {
      "median": 353.4679252105924,
      "q01": 45.7585105688131,
      "q25": 160.8860512043102,
      "q75": 723.6148113859246,
      "q99": 2089.973758039554,
      "scale": 562.7287601816143,
      "lower_bound": -798.3346297036085,
      "upper_bound": 2934.066898311976
    },
    "pv_robust_scale": {
      "median": 408.256149000001,
      "q01": 26.322895829999645,
      "q25": 100.2978900000013,
      "q75": 871.6242464999998,
      "q99": 2678.768013227189,
      "scale": 771.3263564999985,
      "lower_bound": -1130.6666389199981,
      "upper_bound": 3835.7575479771867
    },
    "pv_cv": {
      "median": 0.045879295484803795,
      "q01": 0.006801573748273846,
      "q25": 0.019461978380446925,
      "q75": 0.080888719704858,
      "q99": 0.24061467564690975,
      "scale": 0.061426741324411074,
      "lower_bound": -0.08533853823834277,
      "upper_bound": 0.3327547876335264
    },
    "pv_range_relative": {
      "median": 0.1788945911835691,
      "q01": 0.027385367454371645,
      "q25": 0.08902275768246515,
      "q75": 0.28287070652143337,
      "q99": 0.8132235586538313,
      "scale": 0.1964595477998649,
      "lower_bound": -0.2673039542454257,
      "upper_bound": 1.1079128803536287
    },
    "pv_normalized_slope": {
      "median": -0.020436762759255198,
      "q01": -0.3453087401036742,
      "q25": -0.06851578776517483,
      "q75": 0.22520603736264042,
      "q99": 0.8017745020957152,
      "scale": 0.29372182512781525,
      "lower_bound": -0.785891477795397,
      "upper_bound": 1.242357239787438
    },
    "pv_first_last_change": {
      "median": -0.024189416831194598,
      "q01": -0.31041117017567066,
      "q25": -0.0749675113710124,
      "q75": 0.24443212030321992,
      "q99": 1.3743725420440256,
      "scale": 0.42119592805492406,
      "lower_bound": -0.9422050622580568,
      "upper_bound": 2.0061664341264116
    },
    "pressure_volume_corr": {
      "median": -0.9614995721836029,
      "q01": -0.984019154561349,
      "q25": -0.9710010513240067,
      "q75": -0.9493062745787477,
      "q99": -0.9169072358647741,
      "scale": 0.021694776745258992,
      "lower_bound": -1.0165613196792376,
      "upper_bound": -0.8843650707468855
    },
    "pressure_inverse_volume_corr": {
      "median": 0.9990556765645819,
      "q01": 0.9892078389261635,
      "q25": 0.9980959341685869,
      "q75": 0.9994852061268455,
      "q99": 0.9998985946960854,
      "scale": 0.002672688942480489,
      "lower_bound": 0.9851988055124428,
      "upper_bound": 1.0039076281098063
    },
    "inverse_fit_r2": {
      "median": 0.9981122448770385,
      "q01": 0.9785326995813538,
      "q25": 0.9961954938225375,
      "q75": 0.998970677267023,
      "q99": 0.9997971996883112,
      "scale": 0.005316125026739338,
      "lower_bound": 0.9705585120412448,
      "upper_bound": 1.0077713872284202
    },
    "inverse_fit_rmse_relative": {
      "median": 0.0118991756276676,
      "q01": 0.001812808996798808,
      "q25": 0.007828415060793799,
      "q75": 0.019786337707729574,
      "q99": 0.05162881200301866,
      "scale": 0.012454000751554962,
      "lower_bound": -0.016868192130533633,
      "upper_bound": 0.0703098131303511
    },
    "max_abs_pressure_residual_relative": {
      "median": 0.0351571698373942,
      "q01": 0.004015591700792368,
      "q25": 0.020258202637556677,
      "q75": 0.063708565243851,
      "q99": 0.189008318465039,
      "scale": 0.04624818169106165,
      "lower_bound": -0.06535668083580011,
      "upper_bound": 0.25838059100163147
    },
    "pressure_residual_robust_scale": {
      "median": 1.2112090702535412,
      "q01": 0.2890442448263172,
      "q25": 0.846659773962333,
      "q75": 2.1055112297359218,
      "q99": 5.986038519683159,
      "scale": 1.4242485687142106,
      "lower_bound": -1.847328608244999,
      "upper_bound": 8.122411372754476
    },