,precision,recall,f1-score,support
heat_loss,0.9142857142857143,0.8,0.8533333333333334,40.0
insufficient_mixing,1.0,1.0,1.0,40.0
mass_measurement_error,0.8461538461538461,0.825,0.8354430379746836,40.0
normal,0.8043478260869565,0.925,0.8604651162790697,40.0
accuracy,0.8875,0.8875,0.8875,0.8875
macro avg,0.8911968466316292,0.8875,0.8873103718967716,160.0
weighted avg,0.8911968466316292,0.8875,0.8873103718967716,160.0
