mean_fit_time,std_fit_time,mean_score_time,std_score_time,params,mean_test_macro_f1,std_test_macro_f1,rank_test_macro_f1,mean_train_macro_f1,std_train_macro_f1,mean_test_accuracy,std_test_accuracy,rank_test_accuracy,mean_train_accuracy,std_train_accuracy,mean_test_balanced_accuracy,std_test_balanced_accuracy,rank_test_balanced_accuracy,mean_train_balanced_accuracy,std_train_balanced_accuracy
0.5118633508682251,0.003618004155119039,0.0038463473320007324,7.85205402519603e-05,"{""learning_rate"": 0.1, ""max_depth"": 2, ""n_estimators"": 100, ""subsample"": 0.9}",0.8574357374868873,0.0242393181159346,1,1.0,0.0,0.8583333333333334,0.02429563289518876,1,1.0,0.0,0.8583333333333334,0.02429563289518876,1,1.0,0.0
0.8464111089706421,0.027620937348729564,0.0046852827072143555,0.00046354907403908867,"{""learning_rate"": 0.1, ""max_depth"": 2, ""n_estimators"": 160, ""subsample"": 0.9}",0.8532770754055075,0.03273160214138451,2,1.0,0.0,0.8541666666666667,0.0325427069829444,2,1.0,0.0,0.8541666666666667,0.03254270698294442,2,1.0,0.0
0.5204423069953918,0.006292335143368144,0.003992736339569092,0.00017068608834112852,"{""learning_rate"": 0.05, ""max_depth"": 2, ""n_estimators"": 100, ""subsample"": 0.9}",0.8491911745484805,0.019290357019545328,3,0.9653178132965942,0.004173502417653946,0.8500000000000001,0.01954339899926427,3,0.9652777777777778,0.004166666666666652,0.8500000000000001,0.019543398999264328,3,0.9652777777777779,0.00416666666666668
0.8211917877197266,0.015032362012258726,0.00438922643661499,0.0003965206105467057,"{""learning_rate"": 0.05, ""max_depth"": 2, ""n_estimators"": 160, ""subsample"": 0.9}",0.8489063789643606,0.021125371531496785,4,0.9958292393982318,0.0031109534248613554,0.85,0.02124591463996994,4,0.9958333333333333,0.003105649968749697,0.85,0.02124591463996994,4,0.9958333333333333,0.003105649968749697
