{
  "version": 1,
  "n_samples": 480,
  "feature_names": [
    "temperature_mean",
    "temperature_std",
    "temperature_range",
    "peak_temperature",
    "final_temperature",
    "peak_time_fraction",
    "peak_to_final_drop",
    "late_slope",
    "late_std",
    "late_robust_scale",
    "max_abs_jump",
    "second_difference_scale",
    "temperature_normalized_slope",
    "time_temperature_corr",
    "monotonic_rise_fraction",
    "post_peak_decline_fraction",
    "sample_mass_g",
    "water_mass_g",
    "mass_ratio",
    "initial_delta_temperature",
    "calorimeter_heat_capacity_j_k",
    "apparent_specific_heat_j_kg_k",
    "apparent_specific_heat_log",
    "reference_specific_heat_j_kg_k",
    "specific_heat_relative_error",
    "specific_heat_abs_relative_error",
    "mixing_amplitude"
  ],
  "lower_quantile": 0.01,
  "upper_quantile": 0.99,
  "fence_multiplier": 1.5,
  "features": {
    "temperature_mean": {
      "median": 25.22972972972974,
      "q01": 18.922043010752695,
      "q25": 23.785977564102566,
      "q75": 26.863125000000004,
      "q99": 31.433783783783788,
      "scale": 3.1279351932577732,
      "lower_bound": 14.230140220866035,
      "upper_bound": 36.12568657367045
    },
    "temperature_std": {
      "median": 0.5406444293740886,
      "q01": 0.2058614376494876,
      "q25": 0.35518737016135143,
      "q75": 0.7227905247557376,
      "q99": 1.5212349463935346,
      "scale": 0.36760315459438614,
      "lower_bound": -0.3455432942420916,
      "upper_bound": 2.072639678285114
    },
    "temperature_range": {
      "median": 3.0,
      "q01": 1.099999999999998,
      "q25": 2.0,
      "q75": 3.900000000000002,
      "q99": 7.641999999999997,
      "scale": 1.9000000000000021,
      "lower_bound": -1.750000000000005,
      "upper_bound": 10.492
    },
    "peak_temperature": {
      "median": 26.0,
      "q01": 19.8,
      "q25": 24.5,
      "q75": 27.8,
      "q99": 32.28399999999999,
      "scale": 3.3000000000000007,
      "lower_bound": 14.85,
      "upper_bound": 37.233999999999995
    },
    "final_temperature": {
      "median": 25.258823529411767,
      "q01": 19.194983333333333,
      "q25": 23.86875,
      "q75": 26.948897058823526,
      "q99": 31.53333333333333,
      "scale": 3.0845874999999996,
      "lower_bound": 14.568102083333333,
      "upper_bound": 36.16021458333333
    },
    "peak_time_fraction": {
      "median": 0.26752343724757705,
      "q01": 0.0888953203613498,
      "q25": 0.18671954066461482,
      "q75": 0.43938639422414943,
      "q99": 0.923799765181427,
      "scale": 0.2526668535595346,
      "lower_bound": -0.2901049599779521,
      "upper_bound": 1.302800045520729
    },
    "peak_to_final_drop": {
      "median": 0.5194444444444439,
      "q01": 0.11823076923076839,
      "q25": 0.3308270676691744,
      "q75": 0.9114583333333366,
      "q99": 2.229166666666664,
      "scale": 0.5806312656641621,
      "lower_bound": -0.7527161292654748,
      "upper_bound": 3.100113565162907
    },
    "late_slope": {
      "median": -0.00106028367710705,
      "q01": -0.010849776653435268,
      "q25": -0.0024160341834322,
      "q75": 6.118033621104096e-05,
      "q99": 0.008686972021431249,
      "scale": 0.004884187168716629,
      "lower_bound": -0.01817605740651021,
      "upper_bound": 0.016013252774506194
    },
    "late_std": {
      "median": 0.1154700538379252,
      "q01": 0.043301270189221,
      "q25": 0.0772394212888928,
      "q75": 0.20069450449639292,
      "q99": 0.529766938730918,
      "scale": 0.12345508320750012,
      "lower_bound": -0.1418813546220292,
      "upper_bound": 0.7149495635421681
    },
    "late_robust_scale": {
      "median": 0.1482599999999968,
      "q01": 0.0,
      "q25": 0.0741299999999984,
      "q75": 0.1482600000000021,
      "q99": 0.5930399999999985,
      "scale": 0.14825999999999961,
      "lower_bound": -0.22238999999999942,
      "upper_bound": 0.8154299999999979
    },
    "max_abs_jump": {
      "median": 0.6000000000000014,
      "q01": 0.2000000000000028,
      "q25": 0.4000000000000021,
      "q75": 1.099999999999998,
      "q99": 2.3999999999999986,
      "scale": 0.699999999999996,
      "lower_bound": -0.8499999999999912,
      "upper_bound": 3.4499999999999926
    },
    "second_difference_scale": {
      "median": 0.2965199999999989,
      "q01": 0.1482599999999968,
      "q25": 0.1482600000000021,
      "q75": 0.4447800000000017,
      "q99": 1.3499073000000001,
      "scale": 0.30041182500000085,
      "lower_bound": -0.3023577375000045,
      "upper_bound": 1.8005250375000015
    },
    "temperature_normalized_slope": {
      "median": 0.0236030194203078,
      "q01": -0.0673482142327136,
      "q25": 0.0078829220753242,
      "q75": 0.04689648504781355,
      "q99": 0.14315080042930606,
      "scale": 0.05262475366550491,
      "lower_bound": -0.146285344730971,
      "upper_bound": 0.22208793092756343
    },
    "time_temperature_corr": {
      "median": 0.3862800575752627,
      "q01": -0.8706525982973433,
      "q25": 0.15301816494622644,
      "q75": 0.5261115084628892,
      "q99": 0.8208435367174987,
      "scale": 0.42287403375371047,
      "lower_bound": -1.504963648927909,
      "upper_bound": 1.4551545873480642
    },
    "monotonic_rise_fraction": {
      "median": 0.9230769230769232,
      "q01": 0.5534343434343435,
      "q25": 0.7620235934664247,
      "q75": 1.0,
      "q99": 1.0,
      "scale": 0.23797640653357532,
      "lower_bound": 0.19646973363398051,
      "upper_bound": 1.356964609800363
    },
    "post_peak_decline_fraction": {
      "median": 0.8495283018867925,
      "q01": 0.561975,
      "q25": 0.7333333333333333,
      "q75": 0.9466666666666668,
      "q99": 1.0,
      "scale": 0.21333333333333349,
      "lower_bound": 0.24197499999999977,
      "upper_bound": 1.3200000000000003
    },
    "sample_mass_g": {
      "median": 78.6,
      "q01": 32.058,
      "q25": 59.45,
      "q75": 99.5,
      "q99": 142.89899999999997,
      "scale": 40.05,
      "lower_bound": -28.016999999999996,
      "upper_bound": 202.97399999999996
    },
    "water_mass_g": {
      "median": 193.4,
      "q01": 122.258,
      "q25": 162.07500000000002,
      "q75": 222.4,
      "q99": 259.2,
      "scale": 60.32499999999999,
      "lower_bound": 31.770500000000013,
      "upper_bound": 349.6875
    },
    "mass_ratio": {
      "median": 0.3963095154317526,
      "q01": 0.16001836769978361,
      "q25": 0.32119501632674463,
      "q75": 0.5523221180322615,
      "q99": 0.8959930416693204,
      "scale": 0.23112710170551687,
      "lower_bound": -0.1866722848584917,
      "upper_bound": 1.2426836942275956
    },
    "initial_delta_temperature": {
      "median": 64.95000000000002,
      "q01": 52.8,
      "q25": 59.075,
      "q75": 69.4,
      "q99": 74.00000000000001,
      "scale": 10.325000000000003,
      "lower_bound": 37.31249999999999,
      "upper_bound": 89.48750000000001
    },
    "calorimeter_heat_capacity_j_k": {
      "median": 76.65322251250527,
      "q01": 35.38886751494541,
      "q25": 56.24506198781921,
      "q75": 101.35367419503557,
      "q99": 118.3152697799534,
      "scale": 45.10861220721635,
      "lower_bound": -32.27405079587911,
      "upper_bound": 185.9781880907779
    },
    "apparent_specific_heat_j_kg_k": {
      "median": 502.3567369377982,
      "q01": 270.50991900242457,
      "q25": 389.86742030004416,
      "q75": 699.6169587162453,
      "q99": 1273.0077357590842,
      "scale": 309.7495384162012,
      "lower_bound": -194.1143886218772,
      "upper_bound": 1737.632043383386
    },
    "apparent_specific_heat_log": {
      "median": 6.221298462576845,
      "q01": 5.603991982192794,
      "q25": 5.968368422439623,
      "q75": 6.5519611197377925,
      "q99": 7.149791119706811,
      "scale": 0.5835926972981698,
      "lower_bound": 4.72860293624554,
      "upper_bound": 8.025180165654065
    },
    "reference_specific_heat_j_kg_k": {
      "median": 385.0,
      "q01": 380.0,