,precision,recall,f1-score,support
heat_loss,0.868421052631579,0.825,0.8461538461538461,40.0
insufficient_mixing,1.0,1.0,1.0,40.0
mass_measurement_error,0.8648648648648649,0.8,0.8311688311688312,40.0
normal,0.8,0.9,0.8470588235294118,40.0
accuracy,0.88125,0.88125,0.88125,0.88125
macro avg,0.8833214793741109,0.88125,0.8810953752130223,160.0
weighted avg,0.883321479374111,0.88125,0.8810953752130223,160.0
