{
  "version": 1,
  "n_samples": 480,
  "feature_names": [
    "mean_temperature",
    "std_temperature",
    "temperature_range",
    "max_abs_jump",
    "mean_abs_jump",
    "max_abs_rate",
    "mean_abs_rate",
    "fit_rmse",
    "fit_r2",
    "residual_std",
    "residual_robust_scale",
    "max_abs_residual",
    "residual_normalized_slope",
    "residual_time_corr",
    "early_residual_mean",
    "late_residual_mean",
    "residual_mean_change",
    "outlier_fraction",
    "second_difference_scale",
    "average_cooling_rate",
    "fitted_initial_temperature",
    "fitted_room_temperature",
    "fitted_cooling_coefficient"
  ],
  "lower_quantile": 0.01,
  "upper_quantile": 0.99,
  "fence_multiplier": 1.5,
  "features": {
    "mean_temperature": {
      "median": 43.62945205479453,
      "q01": 32.20834228966198,
      "q25": 38.78647170462388,
      "q75": 49.03395502289254,
      "q99": 62.4135652173913,
      "scale": 10.247483318268664,
      "lower_bound": 16.837117312258982,
      "upper_bound": 77.7847901947943
    },
    "std_temperature": {
      "median": 12.955330713087342,
      "q01": 8.598741396722929,
      "q25": 11.378210590455483,
      "q75": 15.138429428241057,
      "q99": 18.219595468225336,
      "scale": 3.7602188377855743,
      "lower_bound": 2.9584131400445672,
      "upper_bound": 23.859923724903698
    },
    "temperature_range": {
      "median": 46.95,
      "q01": 29.9,
      "q25": 41.475,
      "q75": 54.50000000000001,
      "q99": 67.88399999999999,
      "scale": 13.025000000000006,
      "lower_bound": 10.36249999999999,
      "upper_bound": 87.4215
    },
    "max_abs_jump": {
      "median": 1.5999999999999979,
      "q01": 0.5789999999999955,
      "q25": 0.9000000000000057,
      "q75": 3.3999999999999995,
      "q99": 6.500000000000001,
      "scale": 2.499999999999994,
      "lower_bound": -3.170999999999995,
      "upper_bound": 10.249999999999991
    },
    "mean_abs_jump": {
      "median": 0.33930844807306426,
      "q01": 0.1783669675812691,
      "q25": 0.27947004608294923,
      "q75": 0.4722886882909343,
      "q99": 1.3637954393024805,
      "scale": 0.29635711793030284,
      "lower_bound": -0.2661687093141851,
      "upper_bound": 1.8083311161979347
    },
    "max_abs_rate": {
      "median": 0.15099478558984314,
      "q01": 0.05693983097170284,
      "q25": 0.09228742272220562,
      "q75": 0.3468320601898502,
      "q99": 0.7598510027740336,
      "scale": 0.25454463746764455,
      "lower_bound": -0.324877125229764,
      "upper_bound": 1.1416679589755003
    },
    "mean_abs_rate": {
      "median": 0.035500342061343046,
      "q01": 0.01680526748925955,
      "q25": 0.027655406905363927,
      "q75": 0.04944243059657365,
      "q99": 0.15626231534125862,
      "scale": 0.03486426196299977,
      "lower_bound": -0.03549112545524011,
      "upper_bound": 0.2085587082857583
    },
    "fit_rmse": {
      "median": 0.3284245968334905,
      "q01": 0.06527304942059138,
      "q25": 0.15898503059399233,
      "q75": 0.6740378691103595,
      "q99": 1.5349208016143678,
      "scale": 0.5150528385163671,
      "lower_bound": -0.7073062083539592,
      "upper_bound": 2.3075000593889183
    },
    "fit_r2": {
      "median": 0.9993600569132162,
      "q01": 0.9827906327421895,
      "q25": 0.9973554685771893,
      "q75": 0.9998725609258952,
      "q99": 0.9999786828096985,
      "scale": 0.004297012516877252,
      "lower_bound": 0.9763451139668736,
      "upper_bound": 1.0064242015850144
    },
    "residual_std": {
      "median": 0.32606004536821853,
      "q01": 0.06519471747266699,
      "q25": 0.15844577786917619,
      "q75": 0.660615355253342,
      "q99": 1.5308901339333452,
      "scale": 0.5021695773841659,
      "lower_bound": -0.6880596486035818,
      "upper_bound": 2.284144500009594
    },
    "residual_robust_scale": {
      "median": 0.1815146619936756,
      "q01": 0.06353205175191863,
      "q25": 0.1135316118522887,
      "q75": 0.5545455279410398,
      "q99": 1.2784315925681,
      "scale": 0.4410139160887511,
      "lower_bound": -0.597988822381208,
      "upper_bound": 1.9399524667012267
    },
    "max_abs_residual": {
      "median": 1.9550059921844003,
      "q01": 0.18345741628936202,
      "q25": 0.5060967778570209,
      "q75": 3.255995329747009,
      "q99": 6.103609044496489,
      "scale": 2.749898551889988,
      "lower_bound": -3.94139041154562,
      "upper_bound": 10.22845687233147
    },
    "residual_normalized_slope": {
      "median": 0.4126813123221149,
      "q01": -3.320874658196461,
      "q25": -0.05429919030938115,
      "q75": 1.5366637395640688,
      "q99": 2.9974920316300606,
      "scale": 1.59096292987345,
      "lower_bound": -5.707319053006636,
      "upper_bound": 5.383936426440235
    },
    "residual_time_corr": {
      "median": 0.0758229482144033,
      "q01": -0.5443714891115895,
      "q25": -0.007447000585171725,
      "q75": 0.32715028427839105,
      "q99": 0.5836724533613727,
      "scale": 0.33459728486356277,
      "lower_bound": -1.0462674164069337,
      "upper_bound": 1.085568380656717
    },
    "early_residual_mean": {
      "median": -0.0252668444649148,
      "q01": -0.5931897491449905,
      "q25": -0.11237459639142805,
      "q75": 0.0065172660379317245,
      "q99": 0.32826885906163217,
      "scale": 0.23036465205165566,
      "lower_bound": -0.9387367272224739,
      "upper_bound": 0.6738158371391156
    },
    "late_residual_mean": {
      "median": 0.02099460763019995,
      "q01": -0.0625622937887978,
      "q25": 0.004133337508963375,
      "q75": 0.073713860750848,
      "q99": 0.2986482425692925,
      "scale": 0.09030263408952258,
      "lower_bound": -0.19801624492308167,
      "upper_bound": 0.4341021937035764
    },
    "residual_mean_change": {
      "median": 0.044980596954277655,
      "q01": -0.3562582701184303,
      "q25": -0.0016875527787570499,
      "q75": 0.1828903771445855,
      "q99": 0.8862430864794837,
      "scale": 0.3106253391494785,
      "lower_bound": -0.822196278842648,
      "upper_bound": 1.3521810952037014
    },
    "outlier_fraction": {
      "median": 0.0,
      "q01": 0.0,
      "q25": 0.0,
      "q75": 0.00766317533581865,
      "q99": 0.12496561469618456,
      "scale": 0.03124140367404614,
      "lower_bound": -0.04686210551106921,
      "upper_bound": 0.17182772020725376
    },
    "second_difference_scale": {
      "median": 0.2965199999999989,
      "q01": 0.1482599999999915,
      "q25": 0.1482600000000126,
      "q75": 0.4633125000000158,
      "q99": 2.7583772999999994,
      "scale": 0.6525293250000019,
      "lower_bound": -0.8305339875000114,
      "upper_bound": 3.7371712875000025
    },
    "average_cooling_rate": {
      "median": -0.02803281015360585,
      "q01": -0.048919895918787905,
      "q25": -0.03341123732433525,
      "q75": -0.022157284442686477,
      "q99": -0.01414783940206626,
      "scale": 0.011253952881648772,
      "lower_bound": -0.06580082524126106,
      "upper_bound": 0.0027330899204068993
    },
    "fitted_initial_temperature": {
      "median": 78.7680996989701,
      "q01": 62.44166392938892,
      "q25": 69.38935896412212,
      "q75": 85.2164979910491,
      "q99": 93.52963861919095,
      "scale": 15.827139026926972,
      "lower_bound": 38.700955388998466,
      "upper_bound": 117.2703471595814
    },
    "fitted_room_temperature": {
      "median": 23.787037037037038,
      "q01": 16.893185185185185,
      "q25": 21.9375,
      "q75": 26.103703703703705,
      "q99": 41.0,
      "scale": 6.026703703703704,
      "lower_bound": 7.853129629629629,
      "upper_bound": 50.040055555555554
    },
    "fitted_cooling_coefficient": {
      "median": 0.00148351388597315,
      "q01": 0.000877302518456596,
      "q25": 0.00122498954703325,
      "q75": 0.0017239392380769,
      "q99": 0.0020988437177813356,
      "scale": 0.0004989496910436501,
      "lower_bound": 0.00012887798189112083,