lab_id,seeds,macro_f1_mean,macro_f1_std,macro_f1_min,macro_f1_max
boyle_mariotte,5,0.9209224429248449,0.004951059943875898,0.9137557668769419,0.925758317984089
cooling,5,0.8925449127167525,0.012418020995733844,0.8758263341596674,0.9076826077733519
heat_balance,5,0.8910318637314836,0.009565750495776282,0.8806021090292817,0.9058766233766233
isochoric,5,0.9937490232848882,0.0,0.9937490232848882,0.9937490232848882
