,precision,recall,f1-score,support
air_leak,1.0,1.0,1.0,40.0
normal,0.975609756097561,1.0,0.9876543209876543,40.0
temperature_sensor_lag,1.0,0.975,0.9873417721518988,40.0
volume_instability,1.0,1.0,1.0,40.0
accuracy,0.99375,0.99375,0.99375,0.99375
macro avg,0.9939024390243902,0.99375,0.9937490232848882,160.0
weighted avg,0.9939024390243902,0.99375,0.9937490232848883,160.0
