mean_fit_time,std_fit_time,mean_score_time,std_score_time,params,mean_test_macro_f1,std_test_macro_f1,rank_test_macro_f1,mean_train_macro_f1,std_train_macro_f1,mean_test_accuracy,std_test_accuracy,rank_test_accuracy,mean_train_accuracy,std_train_accuracy,mean_test_balanced_accuracy,std_test_balanced_accuracy,rank_test_balanced_accuracy,mean_train_balanced_accuracy,std_train_balanced_accuracy
0.270427942276001,0.010109042658394097,0.012522697448730469,0.001204955410321174,"{""max_depth"": null, ""max_features"": ""sqrt"", ""min_samples_leaf"": 1, ""n_estimators"": 220}",0.9791539239209013,0.012510431153304049,1,1.0,0.0,0.9791666666666666,0.012500000000000002,1,1.0,0.0,0.9791666666666667,0.012499999999999983,1,1.0,0.0
0.4065439701080322,0.027253006169850904,0.015848100185394287,0.0006907169836806823,"{""max_depth"": null, ""max_features"": ""sqrt"", ""min_samples_leaf"": 1, ""n_estimators"": 350}",0.9770700117230686,0.009091544057530772,2,1.0,0.0,0.9770833333333334,0.00908103946570975,2,1.0,0.0,0.9770833333333334,0.009081039465709737,2,1.0,0.0
0.24414074420928955,0.007185163551137261,0.01096266508102417,0.0004439648555141142,"{""max_depth"": null, ""max_features"": ""sqrt"", ""min_samples_leaf"": 3, ""n_estimators"": 220}",0.9729735634450429,0.009071317056600152,3,0.9972221793539582,0.0019641855037637575,0.9729166666666667,0.009081039465709704,3,0.9972222222222222,0.0019641855032959585,0.9729166666666668,0.00908103946570975,3,0.9972222222222222,0.0019641855032959585
0.38897109031677246,0.011664169526152025,0.015152335166931152,0.00035952243051760174,"{""max_depth"": null, ""max_features"": ""sqrt"", ""min_samples_leaf"": 3, ""n_estimators"": 350}",0.9729735634450429,0.009071317056600152,3,0.9986110682428471,0.0013889317571529891,0.9729166666666667,0.009081039465709704,3,0.9986111111111111,0.001388888888888884,0.9729166666666668,0.00908103946570975,3,0.9986111111111111,0.001388888888888884
