{
  "version": 1,
  "n_samples": 480,
  "feature_names": [
    "temperature_mean",
    "temperature_std",
    "temperature_range",
    "peak_temperature",
    "final_temperature",
    "peak_time_fraction",
    "peak_to_final_drop",
    "late_slope",
    "late_std",
    "late_robust_scale",
    "max_abs_jump",
    "second_difference_scale",
    "temperature_normalized_slope",
    "time_temperature_corr",
    "monotonic_rise_fraction",
    "post_peak_decline_fraction",
    "sample_mass_g",
    "water_mass_g",
    "mass_ratio",
    "initial_delta_temperature",
    "calorimeter_heat_capacity_j_k",
    "apparent_specific_heat_j_kg_k",
    "apparent_specific_heat_log",
    "reference_specific_heat_j_kg_k",
    "specific_heat_relative_error",
    "specific_heat_abs_relative_error",
    "mixing_amplitude"
  ],
  "lower_quantile": 0.01,
  "upper_quantile": 0.99,
  "fence_multiplier": 1.5,
  "features": {
    "temperature_mean": {
      "median": 25.22972972972974,
      "q01": 18.92204301075269,
      "q25": 23.785977564102566,
      "q75": 26.863125000000004,
      "q99": 31.433783783783788,
      "scale": 3.127935193257774,
      "lower_bound": 14.23014022086603,
      "upper_bound": 36.12568657367045
    },
    "temperature_std": {
      "median": 0.5406444293740886,
      "q01": 0.2058614376494877,
      "q25": 0.35518737016135143,
      "q75": 0.7227905247557376,
      "q99": 1.5212349463935346,
      "scale": 0.36760315459438614,
      "lower_bound": -0.3455432942420915,
      "upper_bound": 2.072639678285114
    },
    "temperature_range": {
      "median": 3.0,
      "q01": 1.0999999999999979,
      "q25": 2.0,
      "q75": 3.900000000000002,
      "q99": 7.641999999999997,
      "scale": 1.9000000000000021,
      "lower_bound": -1.7500000000000053,
      "upper_bound": 10.492
    },
    "peak_temperature": {
      "median": 26.0,
      "q01": 19.8,
      "q25": 24.5,
      "q75": 27.8,
      "q99": 32.28399999999999,
      "scale": 3.3000000000000007,
      "lower_bound": 14.85,
      "upper_bound": 37.233999999999995
    },
    "final_temperature": {
      "median": 25.258823529411764,
      "q01": 19.194983333333333,
      "q25": 23.86875,
      "q75": 26.94889705882353,
      "q99": 31.533333333333335,
      "scale": 3.0845875000000005,
      "lower_bound": 14.568102083333333,
      "upper_bound": 36.160214583333335
    },
    "peak_time_fraction": {
      "median": 0.26752343724757705,
      "q01": 0.0888953203613498,
      "q25": 0.18671954066461485,
      "q75": 0.4393863942241495,
      "q99": 0.923799765181427,
      "scale": 0.25266685355953467,
      "lower_bound": -0.2901049599779522,
      "upper_bound": 1.302800045520729
    },
    "peak_to_final_drop": {
      "median": 0.5194444444444439,
      "q01": 0.11823076923076845,
      "q25": 0.33082706766917447,
      "q75": 0.9114583333333366,
      "q99": 2.2291666666666634,
      "scale": 0.5806312656641621,
      "lower_bound": -0.7527161292654747,
      "upper_bound": 3.1001135651629066
    },
    "late_slope": {
      "median": -0.0010602836771070956,
      "q01": -0.01084977665343532,
      "q25": -0.002416034183432251,
      "q75": 6.118033621104096e-05,
      "q99": 0.008686972021431314,
      "scale": 0.004884187168716659,
      "lower_bound": -0.018176057406510307,
      "upper_bound": 0.0160132527745063
    },
    "late_std": {
      "median": 0.11547005383792526,
      "q01": 0.04330127018922101,
      "q25": 0.07723942128889286,
      "q75": 0.20069450449639295,
      "q99": 0.529766938730918,
      "scale": 0.1234550832075001,
      "lower_bound": -0.14188135462202914,
      "upper_bound": 0.7149495635421681
    },
    "late_robust_scale": {
      "median": 0.14825999999999684,
      "q01": 0.0,
      "q25": 0.07412999999999842,
      "q75": 0.1482600000000021,
      "q99": 0.5930399999999985,
      "scale": 0.14825999999999961,
      "lower_bound": -0.22238999999999942,
      "upper_bound": 0.8154299999999979
    },
    "max_abs_jump": {
      "median": 0.6000000000000014,
      "q01": 0.20000000000000284,
      "q25": 0.40000000000000213,
      "q75": 1.0999999999999979,
      "q99": 2.3999999999999986,
      "scale": 0.6999999999999957,
      "lower_bound": -0.8499999999999908,
      "upper_bound": 3.449999999999992
    },
    "second_difference_scale": {
      "median": 0.29651999999999895,
      "q01": 0.14825999999999684,
      "q25": 0.1482600000000021,
      "q75": 0.4447800000000017,
      "q99": 1.3499073000000001,
      "scale": 0.30041182500000085,
      "lower_bound": -0.30235773750000444,
      "upper_bound": 1.8005250375000015
    },
    "temperature_normalized_slope": {
      "median": 0.023603019420307896,
      "q01": -0.06734821423271362,
      "q25": 0.00788292207532425,
      "q75": 0.04689648504781361,
      "q99": 0.14315080042930609,
      "scale": 0.052624753665504925,
      "lower_bound": -0.146285344730971,
      "upper_bound": 0.22208793092756346
    },
    "time_temperature_corr": {
      "median": 0.38628005757526274,
      "q01": -0.8706525982973433,
      "q25": 0.15301816494622644,
      "q75": 0.5261115084628892,
      "q99": 0.8208435367174987,
      "scale": 0.42287403375371047,
      "lower_bound": -1.504963648927909,
      "upper_bound": 1.4551545873480642
    },
    "monotonic_rise_fraction": {
      "median": 0.9230769230769231,
      "q01": 0.5534343434343435,
      "q25": 0.7620235934664247,
      "q75": 1.0,
      "q99": 1.0,
      "scale": 0.23797640653357532,
      "lower_bound": 0.19646973363398051,
      "upper_bound": 1.356964609800363
    },
    "post_peak_decline_fraction": {
      "median": 0.8495283018867925,
      "q01": 0.561975,
      "q25": 0.7333333333333333,
      "q75": 0.9466666666666667,
      "q99": 1.0,
      "scale": 0.21333333333333337,
      "lower_bound": 0.24197499999999994,
      "upper_bound": 1.32
    },
    "sample_mass_g": {
      "median": 78.6,
      "q01": 32.058,
      "q25": 59.45,
      "q75": 99.5,
      "q99": 142.89899999999997,
      "scale": 40.05,
      "lower_bound": -28.016999999999996,
      "upper_bound": 202.97399999999996
    },
    "water_mass_g": {
      "median": 193.4,
      "q01": 122.25800000000001,
      "q25": 162.07500000000002,
      "q75": 222.4,
      "q99": 259.2,
      "scale": 60.32499999999999,
      "lower_bound": 31.770500000000027,
      "upper_bound": 349.6875
    },
    "mass_ratio": {
      "median": 0.39630951543175263,
      "q01": 0.16001836769978364,
      "q25": 0.32119501632674463,
      "q75": 0.5523221180322615,
      "q99": 0.8959930416693204,
      "scale": 0.23112710170551687,
      "lower_bound": -0.18667228485849166,
      "upper_bound": 1.2426836942275956
    },
    "initial_delta_temperature": {
      "median": 64.95000000000002,
      "q01": 52.8,
      "q25": 59.075,
      "q75": 69.4,
      "q99": 74.00000000000001,
      "scale": 10.325000000000003,
      "lower_bound": 37.31249999999999,
      "upper_bound": 89.48750000000001
    },
    "calorimeter_heat_capacity_j_k": {
      "median": 76.65322251250527,
      "q01": 35.38886751494541,
      "q25": 56.24506198781921,
      "q75": 101.35367419503557,
      "q99": 118.3152697799534,
      "scale": 45.10861220721635,
      "lower_bound": -32.27405079587911,
      "upper_bound": 185.9781880907779
    },
    "apparent_specific_heat_j_kg_k": {
      "median": 502.3567369377982,
      "q01": 270.50991900242457,
      "q25": 389.86742030004416,
      "q75": 699.6169587162453,
      "q99": 1273.0077357590842,
      "scale": 309.7495384162012,
      "lower_bound": -194.1143886218772,
      "upper_bound": 1737.632043383386
    },
    "apparent_specific_heat_log": {
      "median": 6.221298462576845,
      "q01": 5.603991982192794,
      "q25": 5.968368422439623,
      "q75": 6.5519611197377925,
      "q99": 7.149791119706811,
      "scale": 0.5835926972981698,
      "lower_bound": 4.72860293624554,
      "upper_bound": 8.025180165654065
    },
    "reference_specific_heat_j_kg_k": {
      "median": 385.0,