approach,accuracy,macro_f1
Statistical rules,0.525,0.4963917189292509
Best ML model,0.984375,0.9843695049040678
