,precision,recall,f1-score,support
air_leak,0.9473684210526315,0.9,0.9230769230769231,40.0
normal,0.8444444444444444,0.95,0.8941176470588236,40.0
temperature_change,1.0,1.0,1.0,40.0
volume_measurement_error,0.972972972972973,0.9,0.935064935064935,40.0
accuracy,0.9375,0.9375,0.9375,0.9375
macro avg,0.9411964596175122,0.9375,0.9380648763001704,160.0
weighted avg,0.9411964596175121,0.9375,0.9380648763001703,160.0
