model,validation_accuracy,validation_balanced_accuracy,validation_macro_f1,training_time_seconds,selected
random_forest,0.9625,0.9624999999999999,0.9627970606629144,0.29303688100026193,True
gradient_boosting,0.95,0.95,0.9505494505494506,0.7552177250004206,False
logistic_regression,0.93125,0.9312499999999999,0.9319762008110338,0.008449696999832668,False
dummy,0.25,0.25,0.1,0.0002582950000942219,False
