model,accuracy,macro_f1,training_time_seconds
gradient_boosting,0.95625,0.9561883899233297,1.1689246669993736
random_forest,0.93125,0.9313059586292065,0.24222883398761041
logistic_regression,0.925,0.925384825754024,0.005946416989900172
dummy,0.25,0.1,0.00026608401094563305
