,precision,recall,f1-score,support
high_noise,0.975609756097561,1.0,0.9876543209876543,40.0
normal,0.75,0.825,0.7857142857142857,40.0
sensor_drift,0.8157894736842105,0.775,0.7948717948717948,40.0
single_outlier,0.972972972972973,0.9,0.935064935064935,40.0
accuracy,0.875,0.875,0.875,0.875
macro avg,0.8785930506886861,0.875,0.8758263341596674,160.0
weighted avg,0.878593050688686,0.875,0.8758263341596674,160.0
