mean_fit_time,std_fit_time,mean_score_time,std_score_time,params,mean_test_macro_f1,std_test_macro_f1,rank_test_macro_f1,mean_train_macro_f1,std_train_macro_f1,mean_test_accuracy,std_test_accuracy,rank_test_accuracy,mean_train_accuracy,std_train_accuracy,mean_test_balanced_accuracy,std_test_balanced_accuracy,rank_test_balanced_accuracy,mean_train_balanced_accuracy,std_train_balanced_accuracy
0.24254125356674194,0.0030370711122422404,0.011399984359741211,0.00042444118921658566,"{""max_depth"": null, ""max_features"": ""sqrt"", ""min_samples_leaf"": 1, ""n_estimators"": 220}",0.8436381746937239,0.02827289329270817,1,1.0,0.0,0.84375,0.027873100333874284,1,1.0,0.0,0.84375,0.027873100333874284,1,1.0,0.0
0.44221264123916626,0.006810003747712532,0.019087493419647217,0.0017385990987499084,"{""max_depth"": null, ""max_features"": ""sqrt"", ""min_samples_leaf"": 1, ""n_estimators"": 350}",0.8393624873883712,0.030037816951037234,2,1.0,0.0,0.8395833333333333,0.029682930934947917,2,1.0,0.0,0.8395833333333333,0.029682930934947917,2,1.0,0.0
0.25384145975112915,0.01786730222788964,0.012077569961547852,0.0012283210543762339,"{""max_depth"": null, ""max_features"": ""sqrt"", ""min_samples_leaf"": 3, ""n_estimators"": 220}",0.8343187656905622,0.03602497180159736,3,0.9916665809301385,0.003402069087739014,0.8354166666666666,0.03454817489953542,3,0.9916666666666667,0.003402069087198847,0.8354166666666666,0.03454817489953542,3,0.9916666666666667,0.003402069087198847
0.37240809202194214,0.004085064161748464,0.016103804111480713,0.00021386056008620405,"{""max_depth"": null, ""max_features"": ""sqrt"", ""min_samples_leaf"": 3, ""n_estimators"": 350}",0.8297900731351647,0.03555162133365145,4,0.9923608753356585,0.003608550557452395,0.8312499999999999,0.03352807695714809,4,0.9923611111111111,0.0036084391824351483,0.8312499999999999,0.03352807695714809,4,0.9923611111111111,0.0036084391824351483
