{
  "version": 1,
  "n_samples": 480,
  "feature_names": [
    "pressure_mean",
    "pressure_std",
    "pressure_range",
    "temperature_mean",
    "temperature_std",
    "temperature_range",
    "volume_mean",
    "volume_std",
    "volume_range_relative",
    "volume_normalized_slope",
    "pt_ratio_mean",
    "pt_ratio_std",
    "pt_ratio_robust_scale",
    "pt_ratio_cv",
    "pt_ratio_normalized_slope",
    "pt_ratio_first_last_change",
    "pressure_temperature_corr",
    "linear_fit_r2",
    "fit_rmse_relative",
    "residual_normalized_slope",
    "residual_robust_scale",
    "lagged_corr_max",
    "best_lag_fraction",
    "max_pressure_jump_relative",
    "max_temperature_jump_relative",
    "max_volume_jump_relative",
    "heating_duration_s"
  ],
  "lower_quantile": 0.01,
  "upper_quantile": 0.99,
  "fence_multiplier": 1.5,
  "features": {
    "pressure_mean": {
      "median": 112.34464285714286,
      "q01": 103.59080714285714,
      "q25": 109.86666114058355,
      "q75": 114.48419811320754,
      "q99": 120.15,
      "scale": 4.617536972623995,
      "lower_bound": 96.66450168392115,
      "upper_bound": 127.07630545893599
    },
    "pressure_std": {
      "median": 5.07334838869792,
      "q01": 1.5189705902789605,
      "q25": 3.940017833864008,
      "q75": 5.987317022441584,
      "q99": 8.234040262169422,
      "scale": 2.0472991885775755,
      "lower_bound": -1.5519781925874028,
      "upper_bound": 11.304989045035786
    },
    "pressure_range": {
      "median": 16.799999999999997,
      "q01": 5.478999999999998,
      "q25": 13.574999999999996,
      "q75": 19.700000000000003,
      "q99": 27.420999999999992,
      "scale": 6.125000000000007,
      "lower_bound": -3.7085000000000123,
      "upper_bound": 36.60850000000001
    },
    "temperature_mean": {
      "median": 56.64597057882955,
      "q01": 44.137492307692305,
      "q25": 51.86607142857143,
      "q75": 60.629075500770426,
      "q99": 69.9819387755102,
      "scale": 8.763004072198996,
      "lower_bound": 30.992986199393812,
      "upper_bound": 83.12644488380869
    },
    "temperature_std": {
      "median": 16.11213450354741,
      "q01": 12.075778110333168,
      "q25": 14.379412586310947,
      "q75": 17.4758293360403,
      "q99": 20.771996931997684,
      "scale": 3.096416749729352,
      "lower_bound": 7.43115298573914,
      "upper_bound": 25.416622056591713
    },
    "temperature_range": {
      "median": 51.2,
      "q01": 38.016,
      "q25": 46.074999999999996,
      "q75": 55.8,
      "q99": 64.80000000000001,
      "scale": 9.725000000000001,
      "lower_bound": 23.428499999999996,
      "upper_bound": 79.38750000000002
    },
    "volume_mean": {
      "median": 274.4960752688172,
      "q01": 183.0818181818182,
      "q25": 234.5637931034483,
      "q75": 312.65312500000005,
      "q99": 359.2941692307693,
      "scale": 78.08933189655176,
      "lower_bound": 65.94782033699056,
      "upper_bound": 476.4281670755969
    },
    "volume_std": {
      "median": 0.35083587607275507,
      "q01": 0.13178334614585177,
      "q25": 0.191913803776012,
      "q75": 0.7430216543098461,
      "q99": 6.439876160090084,
      "scale": 1.577023203486058,
      "lower_bound": -2.2337514590832352,
      "upper_bound": 8.805410965319172
    },
    "volume_range_relative": {
      "median": 0.005547371589049683,
      "q01": 0.0017947641208191402,
      "q25": 0.003358545114309113,
      "q75": 0.01484321826120953,
      "q99": 0.07527346901112258,
      "scale": 0.018369676222575862,
      "lower_bound": -0.025759750213044653,
      "upper_bound": 0.10282798334498638
    },
    "volume_normalized_slope": {
      "median": -3.5284904911784336e-05,
      "q01": -0.07489942300958756,
      "q25": -0.00044529386452852096,
      "q75": 0.0003553750175688145,
      "q99": 0.0653761255469762,
      "scale": 0.03506888713914094,
      "lower_bound": -0.12750275371829897,
      "upper_bound": 0.1179794562556876
    },
    "pt_ratio_mean": {
      "median": 0.3420510592463281,
      "q01": 0.31425801587214014,
      "q25": 0.3344254179313755,
      "q75": 0.34659640757021365,
      "q99": 0.35821681746577844,
      "scale": 0.01217098963883817,
      "lower_bound": 0.29600153141388286,
      "upper_bound": 0.3764733019240357
    },
    "pt_ratio_std": {
      "median": 0.002882105769168632,
      "q01": 0.00044119077280149857,
      "q25": 0.0014362058660465726,
      "q75": 0.006036954995304404,
      "q99": 0.016259288209446502,
      "scale": 0.004600749129257831,
      "lower_bound": -0.006459932921085249,
      "upper_bound": 0.023160411903333247
    },
    "pt_ratio_robust_scale": {
      "median": 0.0033313272190058875,
      "q01": 0.0004034850961651721,
      "q25": 0.001417750662701627,
      "q75": 0.0076267389580514855,
      "q99": 0.01987620048370917,
      "scale": 0.006208988295349859,
      "lower_bound": -0.008909997346859617,
      "upper_bound": 0.02918968292673396
    },
    "pt_ratio_cv": {
      "median": 0.008336983232967976,
      "q01": 0.0012843678853310296,
      "q25": 0.004198907163335543,
      "q75": 0.017855141035516726,
      "q99": 0.05134606578376954,
      "scale": 0.013656233872181183,
      "lower_bound": -0.019199982922940746,
      "upper_bound": 0.07183041659204131
    },
    "pt_ratio_normalized_slope": {
      "median": -0.008323295945611858,
      "q01": -0.17390809837532387,
      "q25": -0.05005008504872958,
      "q75": 0.0003749390473295978,
      "q99": 0.07400667824531416,
      "scale": 0.06197869415515951,
      "lower_bound": -0.2668761396080631,
      "upper_bound": 0.16697471947805342
    },
    "pt_ratio_first_last_change": {
      "median": 0.0007814304428889772,
      "q01": -0.15663884287769617,
      "q25": -0.047439900687502076,
      "q75": 0.006818049603163803,
      "q99": 0.07864877537396606,
      "scale": 0.058821904562915556,
      "lower_bound": -0.2448716997220695,
      "upper_bound": 0.1668816322183394
    },
    "pressure_temperature_corr": {
      "median": 0.9933785710813643,
      "q01": 0.12074849018394435,
      "q25": 0.9821312682899658,
      "q75": 0.9972377331225023,
      "q99": 0.9996915084266259,
      "scale": 0.2197357545606704,
      "lower_bound": -0.20885514165706126,
      "upper_bound": 1.3292951402676314
    },
    "linear_fit_r2": {
      "median": 0.9868009857153728,
      "q01": 0.0477709493506045,
      "q25": 0.9645818477552544,
      "q75": 0.9944830964540936,
      "q99": 0.9993831120397028,
      "scale": 0.23790304067227458,
      "lower_bound": -0.30908361165780734,
      "upper_bound": 1.3562376730481147
    },
    "fit_rmse_relative": {
      "median": 0.0053938083170400365,
      "q01": 0.001285934755640967,
      "q25": 0.0034545205525957105,
      "q75": 0.007642074511718302,
      "q99": 0.020249602261114136,
      "scale": 0.004740916876368293,
      "lower_bound": -0.005825440558911472,
      "upper_bound": 0.027360977575666575
    },
    "residual_normalized_slope": {
      "median": -0.38722580863324174,
      "q01": -1.8802867169338149,
      "q25": -0.9468205192537875,
      "q75": 0.05736793655993776,
      "q99": 1.7353597649561425,
      "scale": 1.0041884558137253,
      "lower_bound": -3.3865694006544027,
      "upper_bound": 3.24164244867673
    },
    "residual_robust_scale": {
      "median": 0.6103637850771696,
      "q01": 0.12593011609465365,
      "q25": 0.3831894159692324,
      "q75": 0.9356300714393397,
      "q99": 2.7999995243467652,
      "scale": 0.6685173520630279,
      "lower_bound": -0.876845911999888,
      "upper_bound": 3.802775552441307
    },
    "lagged_corr_max": {
      "median": 0.9936069250541848,
      "q01": 0.12074849018394435,
      "q25": 0.9821312682899658,
      "q75": 0.9974529604508116,
      "q99": 0.9996915084266259,
      "scale": 0.2197357545606704,
      "lower_bound": -0.20885514165706126,
      "upper_bound": 1.3292951402676314
    },
    "best_lag_fraction": {
      "median": 0.0,
      "q01": 0.0,