,precision,recall,f1-score,support
air_leak,1.0,1.0,1.0,40.0
normal,0.9743589743589743,0.95,0.9620253164556962,40.0
temperature_sensor_lag,0.9512195121951219,0.975,0.9629629629629629,40.0
volume_instability,1.0,1.0,1.0,40.0
accuracy,0.98125,0.98125,0.98125,0.98125
macro avg,0.9813946216385241,0.98125,0.9812470698546648,160.0
weighted avg,0.981394621638524,0.98125,0.9812470698546647,160.0
