model,accuracy,macro_f1,training_time_seconds
gradient_boosting,0.98125,0.9812470698546648,1.1156245419988409
random_forest,0.98125,0.9812470698546647,0.23183525001513772
logistic_regression,0.975,0.9751466502006793,0.005427875003078952
dummy,0.25,0.1,0.0002734580193646252
